step,train_loss,train_mean_token_accuracy,train_error_rate,valid_loss,valid_mean_token_accuracy,valid_error_rate,full_valid_loss,full_valid_mean_token_accuracy,full_valid_error_rate
1,1.4891058206558228,0.8046875,,,,,,,
2,1.4859343767166138,0.774193525314331,,,,,,,
3,1.9440537691116333,0.7894737124443054,,,,,,,
4,1.33705735206604,0.7875000238418579,,,,,,,
5,1.1659818887710571,0.8484848737716675,,,,,,,
6,1.5418797731399536,0.807692289352417,,,,,,,
7,1.9020897150039673,0.7482014298439026,,,,,,,
8,1.89128577709198,0.791304349899292,,,,,,,
9,1.4803721904754639,0.8230769038200378,,,,,,,
10,1.685748815536499,0.7985074520111084,,,,,,,
11,1.5981261730194092,0.7890625,,,,,,,
12,1.6449793577194214,0.7669172883033752,,,,,,,
13,1.6671838760375977,0.767123281955719,,,,,,,
14,1.5611562728881836,0.8016529083251953,,,,,,,
15,1.7291585206985474,0.7727272510528564,,,,,,,
16,1.5220298767089844,0.8267716765403748,,,,,,,
17,1.4198343753814697,0.7727272510528564,,,,,,,
18,1.3936063051223755,0.7928571701049805,,,,,,,
19,2.0881118774414062,0.7606837749481201,,,,,,,
20,1.3159253597259521,0.7914110422134399,,,,,,,
21,1.4213742017745972,0.8222222328186035,,,,,,,
22,1.5114727020263672,0.8220338821411133,,,,,,,
23,1.6240031719207764,0.8442623019218445,,,,,,,
24,1.2873032093048096,0.8345864415168762,,,,,,,
25,1.4696040153503418,0.8240000009536743,,,,,,,
26,1.4953988790512085,0.7762237787246704,,,,,,,
27,1.443956971168518,0.8167939186096191,,,,,,,
28,1.6007747650146484,0.7948718070983887,,,,,,,
29,1.4372682571411133,0.7923076748847961,,,,,,,
30,1.1769671440124512,0.8251748085021973,,,,,,,
31,1.3090121746063232,0.801369845867157,,,,,,,
32,1.2988977432250977,0.8399999737739563,,,,,,,
33,1.4589966535568237,0.791946291923523,,,,,,,
34,1.2639216184616089,0.8201438784599304,,,,,,,
35,1.1479518413543701,0.7957746386528015,,,,,,,
36,0.90529465675354,0.8402777910232544,,,,,,,
37,1.5649604797363281,0.7669172883033752,,,,,,,
38,1.0210943222045898,0.8372092843055725,,,,,,,
39,1.0936747789382935,0.801369845867157,,,,,,,
40,1.361350655555725,0.7933884263038635,,,,,,,
41,1.1727697849273682,0.8175182342529297,,,,,,,
42,1.2327803373336792,0.7518247961997986,,,,,,,
43,0.9527265429496765,0.8130081295967102,,,,,,,
44,1.0290559530258179,0.8045112490653992,,,,,,,
45,0.8424383401870728,0.7938931584358215,,,,,,,
46,0.6836015582084656,0.8421052694320679,,,,,,,
47,0.5390626788139343,0.8692307472229004,,,,,,,
48,0.8091949224472046,0.8306451439857483,,,,,,,
49,0.9191434383392334,0.8285714387893677,,,,,,,
50,0.7607960104942322,0.828125,,,,,,,
51,0.5576788783073425,0.834482729434967,,,,,,,
52,0.813480794429779,0.8496240377426147,,,,,,,
53,1.0011687278747559,0.795918345451355,,,,,,,
54,0.6912248134613037,0.8449612259864807,,,,,,,
55,0.7817410826683044,0.8062015771865845,,,,,,,
56,0.9795558452606201,0.800000011920929,,,,,,,
57,0.7374369502067566,0.8222222328186035,,,,,,,
58,0.577224850654602,0.8489208817481995,,,,,,,
59,0.8999844193458557,0.8059701323509216,,,,,,,
60,0.7847020626068115,0.84375,,,,,,,
61,1.0286177396774292,0.8620689511299133,,,,,,,
62,0.7257173657417297,0.8636363744735718,,,,,,,
63,0.9878947138786316,0.8492063283920288,,,,,,,
64,0.6378726959228516,0.8920863270759583,,,,,,,
65,0.3906061053276062,0.8999999761581421,,,,,,,
66,0.7533265948295593,0.8633093237876892,,,,,,,
67,0.6363263130187988,0.8880000114440918,,,,,,,
68,0.9149163961410522,0.8467153310775757,,,,,,,
69,0.8181695938110352,0.8661417365074158,,,,,,,
70,0.44068145751953125,0.9120000004768372,,,,,,,
71,0.503800094127655,0.9109588861465454,,,,,,,
72,0.9299152493476868,0.8449612259864807,,,,,,,
73,0.8231514692306519,0.874015748500824,,,,,,,
74,0.7538378238677979,0.904411792755127,,,,,,,
75,0.45593351125717163,0.8914728760719299,,,,,,,
76,0.8372657895088196,0.8606557250022888,,,,,,,
77,0.5319212675094604,0.8642857074737549,,,,,,,
78,0.6843448877334595,0.8873239159584045,,,,,,,
79,0.46237969398498535,0.9224806427955627,,,,,,,
80,0.7994166612625122,0.8676470518112183,,,,,,,
81,0.4289695918560028,0.9318181872367859,,,,,,,
82,0.39376750588417053,0.9242424368858337,,,,,,,
83,0.7040224075317383,0.8897637724876404,,,,,,,
84,0.6212179660797119,0.8760330677032471,,,,,,,
85,0.6728243231773376,0.8611111044883728,,,,,,,
86,0.4135020077228546,0.9075630307197571,,,,,,,
87,0.6891607642173767,0.8640000224113464,,,,,,,
88,0.7002522945404053,0.8620689511299133,,,,,,,
89,0.5965883731842041,0.8472222089767456,,,,,,,
90,0.6610807180404663,0.8721804618835449,,,,,,,
91,0.4535638391971588,0.8897637724876404,,,,,,,
92,0.6190109252929688,0.875,,,,,,,
93,0.7291678786277771,0.8310810923576355,,,,,,,
94,0.879766047000885,0.8571428656578064,,,,,,,
95,0.554530143737793,0.8852459192276001,,,,,,,
96,0.48057809472084045,0.8846153616905212,,,,,,,
97,0.8601138591766357,0.8536585569381714,,,,,,,
98,0.6679158210754395,0.8333333134651184,,,,,,,
99,0.6749704480171204,0.8671875,,,,,,,
100,0.6401789784431458,0.8615384697914124,,0.2816076969754869,0.8985507246376812,,,,
101,0.6899330019950867,0.8432835936546326,,,,,,,
102,0.6536690592765808,0.8571428656578064,,,,,,,
103,0.49171575903892517,0.8580645322799683,,,,,,,
104,0.7503752112388611,0.8409090638160706,,,,,,,
105,0.6457914113998413,0.8357142806053162,,,,,,,
106,0.2543462812900543,0.8999999761581421,,,,,,,
107,0.5354903340339661,0.8787878751754761,,,,,,,
108,0.41265591979026794,0.8636363744735718,,,,,,,
109,0.3123226761817932,0.9117646813392639,,,,,,,
110,0.43291792273521423,0.8832116723060608,,,,,,,
111,0.24740342795848846,0.8999999761581421,,,,,,,
112,0.5253458619117737,0.9256198406219482,,,,,,,
113,0.5713555216789246,0.8571428656578064,,,,,,,
114,0.6478630900382996,0.8849557638168335,,,,,,,
115,0.4845373034477234,0.8888888955116272,,,,,,,
116,0.7214339375495911,0.8450704216957092,,,,,,,
117,0.7142047882080078,0.8839285969734192,,,,,,,
118,0.4107814431190491,0.9055117964744568,,,,,,,
119,0.6938283443450928,0.8584070801734924,,,,,,,
120,0.44365039467811584,0.8846153616905212,,,,,,,
121,0.3003242611885071,0.8872180581092834,,,,,,,
122,0.3031661808490753,0.9051094651222229,,,,,,,
123,0.292352557182312,0.9008264541625977,,,,,,,
124,0.384554386138916,0.8914728760719299,,,,,,,
125,0.5273560285568237,0.9007633328437805,,,,,,,
126,0.6122245788574219,0.8814814686775208,,,,,,,
127,0.21652908623218536,0.9270073175430298,,,,,,,
128,0.40722259879112244,0.8521126508712769,,,,,,,
129,0.5726602077484131,0.8960000276565552,,,,,,,
130,0.3880673050880432,0.9055117964744568,,,,,,,
131,0.30229198932647705,0.8897058963775635,,,,,,,
132,0.1389947086572647,0.9508196711540222,,,,,,,
133,0.34463417530059814,0.9015151262283325,,,,,,,
134,0.5443791747093201,0.8970588445663452,,,,,,,
135,0.37955188751220703,0.9024389982223511,,,,,,,
136,0.3519558608531952,0.9172413945198059,,,,,,,
137,0.3512844741344452,0.9055117964744568,,,,,,,
138,0.4513252079486847,0.8958333134651184,,,,,,,
139,0.5795962810516357,0.8721804618835449,,,,,,,
140,0.7937961220741272,0.8852459192276001,,,,,,,
141,0.3191104531288147,0.8999999761581421,,,,,,,
142,0.4906150996685028,0.8943089246749878,,,,,,,
143,0.18005582690238953,0.9292035102844238,,,,,,,
144,0.3471946120262146,0.8980891704559326,,,,,,,
145,0.409147173166275,0.8837209343910217,,,,,,,
146,0.2726309895515442,0.9327731132507324,,,,,,,
147,0.289721816778183,0.8870967626571655,,,,,,,
148,0.621727705001831,0.8467153310775757,,,,,,,
149,0.35047873854637146,0.9097744226455688,,,,,,,
150,0.33787521719932556,0.9158878326416016,,,,,,,
151,0.3617202043533325,0.892307698726654,,,,,,,
152,0.27424657344818115,0.9105691313743591,,,,,,,
153,0.625957727432251,0.871999979019165,,,,,,,
154,0.29902157187461853,0.9130434989929199,,,,,,,
155,0.48262467980384827,0.9298245906829834,,,,,,,
156,0.4568193256855011,0.8775510191917419,,,,,,,
157,0.2783248722553253,0.9144737124443054,,,,,,,
158,0.305610328912735,0.8835616707801819,,,,,,,
159,0.4981198012828827,0.8639456033706665,,,,,,,
160,0.5856471061706543,0.8561151027679443,,,,,,,
161,0.48777952790260315,0.9059829115867615,,,,,,,
162,0.526370108127594,0.8521126508712769,,,,,,,
163,0.6120440363883972,0.8872180581092834,,,,,,,
164,0.295408695936203,0.9071428775787354,,,,,,,
165,0.38119637966156006,0.8857142925262451,,,,,,,
166,0.3595879375934601,0.8676470518112183,,,,,,,
167,0.22283321619033813,0.914893627166748,,,,,,,
168,0.41047558188438416,0.9090909361839294,,,,,,,
169,0.3382716774940491,0.8992248177528381,,,,,,,
170,0.38895750045776367,0.902255654335022,,,,,,,
171,0.3963329792022705,0.9174311757087708,,,,,,,
172,0.38518035411834717,0.9124087691307068,,,,,,,
173,0.36521390080451965,0.9024389982223511,,,,,,,
174,0.2785455286502838,0.9007633328437805,,,,,,,
175,0.4781939685344696,0.867132842540741,,,,,,,
176,0.5168859362602234,0.8702290058135986,,,,,,,
177,0.357759028673172,0.8991596698760986,,,,,,,
178,0.44244641065597534,0.9117646813392639,,,,,,,
179,0.29063713550567627,0.914893627166748,,,,,,,
180,0.312112033367157,0.8805969953536987,,,,,,,
181,0.3236296772956848,0.914893627166748,,,,,,,
182,0.3294910490512848,0.9084967374801636,,,,,,,
183,0.2660881280899048,0.8976377844810486,,,,,,,
184,0.37219932675361633,0.9034482836723328,,,,,,,
185,0.5068941712379456,0.8768116235733032,,,,,,,
186,0.27371057868003845,0.9083969593048096,,,,,,,
187,0.6322205066680908,0.8541666865348816,,,,,,,
188,0.21282146871089935,0.925000011920929,,,,,,,
189,0.31383851170539856,0.90625,,,,,,,
190,0.28959420323371887,0.8970588445663452,,,,,,,
191,0.17498385906219482,0.9523809552192688,,,,,,,
192,0.472983181476593,0.8676470518112183,,,,,,,
193,0.3863266408443451,0.881118893623352,,,,,,,
194,0.22284799814224243,0.9280575513839722,,,,,,,
195,0.3488560914993286,0.8848921060562134,,,,,,,
196,0.39749228954315186,0.9051094651222229,,,,,,,
197,0.3891357481479645,0.8835616707801819,,,,,,,
198,0.3746791481971741,0.8878504633903503,,,,,,,
199,0.5190785527229309,0.8615384697914124,,,,,,,
200,0.291965126991272,0.9105691313743591,,0.23393637892128766,0.9057971014492754,,,,
201,0.23222631216049194,0.9166666865348816,,,,,,,
202,0.3685948848724365,0.8627451062202454,,,,,,,
203,0.32610636949539185,0.9130434989929199,,,,,,,
204,0.4126175343990326,0.8805969953536987,,,,,,,
205,0.3383045792579651,0.8965517282485962,,,,,,,
206,0.328268826007843,0.9097744226455688,,,,,,,
207,0.3214821517467499,0.8978102207183838,,,,,,,
208,0.2625095844268799,0.9344262480735779,,,,,,,
209,0.23879358172416687,0.885496199131012,,,,,,,
210,0.3535057604312897,0.8936170339584351,,,,,,,
211,0.21020619571208954,0.9307692050933838,,,,,,,
212,0.3363689184188843,0.8992805480957031,,,,,,,
213,0.41891559958457947,0.8888888955116272,,,,,,,
214,0.5109901428222656,0.875,,,,,,,
215,0.23263312876224518,0.8896551728248596,,,,,,,
216,0.29485270380973816,0.9024389982223511,,,,,,,
217,0.2961184084415436,0.8999999761581421,,,,,,,
218,0.4735237956047058,0.9193548560142517,,,,,,,
219,0.33245521783828735,0.9107142686843872,,,,,,,
220,0.49476513266563416,0.8840579986572266,,,,,,,
221,0.40399518609046936,0.9075630307197571,,,,,,,
222,0.32918593287467957,0.8857142925262451,,,,,,,
223,0.33226943016052246,0.8712121248245239,,,,,,,
224,0.30918389558792114,0.8943662047386169,,,,,,,
225,0.3674907982349396,0.9193548560142517,,,,,,,
226,0.23552551865577698,0.9338235259056091,,,,,,,
227,0.39818650484085083,0.8985507488250732,,,,,,,
228,0.35842475295066833,0.868852436542511,,,,,,,
229,0.2849046289920807,0.918181836605072,,,,,,,
230,0.24408167600631714,0.9066666960716248,,,,,,,
231,0.36507418751716614,0.8899082541465759,,,,,,,
232,0.33826732635498047,0.8992248177528381,,,,,,,
233,0.29340705275535583,0.8914728760719299,,,,,,,
234,0.2910490334033966,0.8814814686775208,,,,,,,
235,0.2302400767803192,0.8979591727256775,,,,,,,
236,0.41229191422462463,0.8837209343910217,,,,,,,
237,0.26239609718322754,0.9344262480735779,,,,,,,
238,0.3253735899925232,0.8926174640655518,,,,,,,
239,0.18409709632396698,0.9389312863349915,,,,,,,
240,0.27295544743537903,0.9029850959777832,,,,,,,
241,0.20294174551963806,0.930232584476471,,,,,,,
242,0.5215643048286438,0.8807339668273926,,,,,,,
243,0.4017173647880554,0.875,,,,,,,
244,0.3395705819129944,0.8731343150138855,,,,,,,
245,0.3735405206680298,0.875,,,,,,,
246,0.3788053095340729,0.8611111044883728,,,,,,,
247,0.2500629723072052,0.902255654335022,,,,,,,
248,0.35985925793647766,0.902255654335022,,,,,,,
249,0.23933479189872742,0.9248120188713074,,,,,,,
250,0.2358366847038269,0.9208633303642273,,,,,,,
251,0.4993276000022888,0.8581560254096985,,,,,,,
252,0.2766905725002289,0.8951048851013184,,,,,,,
253,0.4256308674812317,0.890625,,,,,,,
254,0.6164519190788269,0.8805969953536987,,,,,,,
255,0.29273751378059387,0.8999999761581421,,,,,,,
256,0.3172498345375061,0.89682537317276,,,,,,,
257,0.36422601342201233,0.925000011920929,,,,,,,
258,0.5643951296806335,0.8642857074737549,,,,,,,
259,0.31170904636383057,0.9212598204612732,,,,,,,
260,0.2820700705051422,0.9230769276618958,,,,,,,
261,0.2958946228027344,0.9090909361839294,,,,,,,
262,0.26465561985969543,0.9112903475761414,,,,,,,
263,0.3226607143878937,0.8979591727256775,,,,,,,
264,0.23727010190486908,0.931034505367279,,,,,,,
265,0.2823200821876526,0.8920863270759583,,,,,,,
266,0.2820078730583191,0.9416666626930237,,,,,,,
267,0.39879196882247925,0.8846153616905212,,,,,,,
268,0.29718124866485596,0.9007633328437805,,,,,,,
269,0.25073206424713135,0.9103448390960693,,,,,,,
270,0.3688434958457947,0.8926174640655518,,,,,,,
271,0.061864305287599564,0.984000027179718,,,,,,,
272,0.12695153057575226,0.9491525292396545,,,,,,,
273,0.3415972590446472,0.9026548862457275,,,,,,,
274,0.4916829764842987,0.8986486196517944,,,,,,,
275,0.24486981332302094,0.9270073175430298,,,,,,,
276,0.3344305455684662,0.9083333611488342,,,,,,,
277,0.37271058559417725,0.8778625726699829,,,,,,,
278,0.3062271177768707,0.9327731132507324,,,,,,,
279,0.3326955735683441,0.9194630980491638,,,,,,,
280,0.24704942107200623,0.9333333373069763,,,,,,,
281,0.20522227883338928,0.942148745059967,,,,,,,
282,0.2600494921207428,0.9166666865348816,,,,,,,
283,0.5265495777130127,0.8872180581092834,,,,,,,
284,0.19160909950733185,0.9241379499435425,,,,,,,
285,0.25141167640686035,0.925000011920929,,,,,,,
286,0.29035258293151855,0.9124087691307068,,,,,,,
287,0.19585643708705902,0.9453125,,,,,,,
288,0.31839820742607117,0.8888888955116272,,,,,,,
289,0.3701344132423401,0.9208633303642273,,,,,,,
290,0.25771185755729675,0.9166666865348816,,,,,,,
291,0.3153786361217499,0.939130425453186,,,,,,,
292,0.3252499997615814,0.9105691313743591,,,,,,,
293,0.30201518535614014,0.8879310488700867,,,,,,,
294,0.28794384002685547,0.9236640930175781,,,,,,,
295,0.3373544216156006,0.9103448390960693,,,,,,,
296,0.417990118265152,0.8835616707801819,,,,,,,
297,0.4307376742362976,0.8627451062202454,,,,,,,
298,0.331257164478302,0.8766233921051025,,,,,,,
299,0.35378602147102356,0.8813559412956238,,,,,,,
300,0.2988796532154083,0.8960000276565552,,0.4476277289852019,0.8870967741935484,,,,
301,0.4389197826385498,0.8918918967247009,,,,,,,
302,0.31999239325523376,0.8880000114440918,,,,,,,
303,0.353292316198349,0.875,,,,,,,
304,0.3734971880912781,0.8991596698760986,,,,,,,
305,0.46081778407096863,0.8657718300819397,,,,,,,
306,0.3666790723800659,0.8866666555404663,,,,,,,
307,0.4505757689476013,0.8606557250022888,,,,,,,
308,0.32622894644737244,0.8992805480957031,,,,,,,
309,0.37432387471199036,0.888059675693512,,,,,,,
310,0.32092180848121643,0.8705036044120789,,,,,,,
311,0.2949601411819458,0.8778625726699829,,,,,,,
312,0.34673577547073364,0.8947368264198303,,,,,,,
313,0.23784400522708893,0.9200000166893005,,,,,,,
314,0.4353592097759247,0.9015151262283325,,,,,,,
315,0.2729354500770569,0.9029850959777832,,,,,,,
316,0.32098332047462463,0.9051094651222229,,,,,,,
317,0.6280607581138611,0.8500000238418579,,,,,,,
318,0.22774432599544525,0.9295774698257446,,,,,,,
319,0.4094766080379486,0.8730158805847168,,,,,,,
320,0.11695509403944016,0.9576271176338196,,,,,,,
321,0.3154679834842682,0.9153845906257629,,,,,,,
322,0.23558175563812256,0.9274193644523621,,,,,,,
323,0.39150989055633545,0.8832116723060608,,,,,,,
324,0.24654264748096466,0.9140625,,,,,,,
325,0.24639664590358734,0.9029850959777832,,,,,,,
326,0.22936010360717773,0.9448819160461426,,,,,,,
327,0.33318743109703064,0.8633093237876892,,,,,,,
328,0.32270121574401855,0.8984375,,,,,,,
329,0.22645296156406403,0.9051094651222229,,,,,,,
330,0.35515904426574707,0.8888888955116272,,,,,,,
331,0.30878931283950806,0.8666666746139526,,,,,,,
332,0.27943456172943115,0.9189189076423645,,,,,,,
333,0.2910136878490448,0.9029850959777832,,,,,,,
334,0.331309050321579,0.8848921060562134,,,,,,,
335,0.287302166223526,0.9126983880996704,,,,,,,
336,0.26690980792045593,0.9268292784690857,,,,,,,
337,0.21033938229084015,0.9279999732971191,,,,,,,
338,0.20143581926822662,0.9370629191398621,,,,,,,
339,0.3132408559322357,0.8716216087341309,,,,,,,
340,0.2883045971393585,0.8846153616905212,,,,,,,
341,0.3708328604698181,0.8928571343421936,,,,,,,
342,0.36755043268203735,0.8958333134651184,,,,,,,
343,0.28988176584243774,0.89552241563797,,,,,,,
344,0.41101643443107605,0.8823529481887817,,,,,,,
345,0.3271513283252716,0.888059675693512,,,,,,,
346,0.33295682072639465,0.8759689927101135,,,,,,,
347,0.19406650960445404,0.9173553586006165,,,,,,,
348,0.1177719309926033,0.9495798349380493,,,,,,,
349,0.21533189713954926,0.9264705777168274,,,,,,,
350,0.2710525095462799,0.9105691313743591,,,,,,,
351,0.18182550370693207,0.9246575236320496,,,,,,,
352,0.2417912483215332,0.9057971239089966,,,,,,,
353,0.27844882011413574,0.9078947305679321,,,,,,,
354,0.2906806170940399,0.8899082541465759,,,,,,,
355,0.27836331725120544,0.904411792755127,,,,,,,
356,0.3017095923423767,0.8933333158493042,,,,,,,
357,0.15955045819282532,0.9430894255638123,,,,,,,
358,0.3418614864349365,0.9051094651222229,,,,,,,
359,0.2578712999820709,0.9379844665527344,,,,,,,
360,0.2923666834831238,0.9057971239089966,,,,,,,
361,0.21730543673038483,0.9538461565971375,,,,,,,
362,0.22444160282611847,0.9279999732971191,,,,,,,
363,0.31859853863716125,0.8913043737411499,,,,,,,
364,0.1975957453250885,0.9333333373069763,,,,,,,
365,0.40912559628486633,0.8818897604942322,,,,,,,
366,0.25147244334220886,0.8999999761581421,,,,,,,
367,0.4335062801837921,0.8960000276565552,,,,,,,
368,0.29536181688308716,0.9495798349380493,,,,,,,
369,0.25076693296432495,0.9275362491607666,,,,,,,
370,0.4712321162223816,0.8818897604942322,,,,,,,
371,0.3225529193878174,0.8926174640655518,,,,,,,
372,0.21407490968704224,0.9130434989929199,,,,,,,
373,0.27234429121017456,0.9136690497398376,,,,,,,
374,0.32299143075942993,0.8768116235733032,,,,,,,
375,0.18202359974384308,0.9296875,,,,,,,
376,0.14037661254405975,0.9407407641410828,,,,,,,
377,0.42322948575019836,0.8947368264198303,,,,,,,
378,0.2516496777534485,0.8823529481887817,,,,,,,
379,0.32727110385894775,0.8873239159584045,,,,,,,
380,0.27560126781463623,0.9090909361839294,,,,,,,
381,0.1929236501455307,0.9487179517745972,,,,,,,
382,0.3402692377567291,0.9057971239089966,,,,,,,
383,0.29750725626945496,0.9224137663841248,,,,,,,
384,0.5169696807861328,0.8698630332946777,,,,,,,
385,0.19428034126758575,0.9179104566574097,,,,,,,
386,0.320597767829895,0.8940397500991821,,,,,,,
387,0.36271199584007263,0.9015151262283325,,,,,,,
388,0.334565132856369,0.8979591727256775,,,,,,,
389,0.3613978624343872,0.9312977194786072,,,,,,,
390,0.4820628762245178,0.8712121248245239,,,,,,,
391,0.291471928358078,0.8828125,,,,,,,
392,0.4849216639995575,0.8650793433189392,,,,,,,
393,0.3934638798236847,0.9109588861465454,,,,,,,
394,0.23240341246128082,0.9224806427955627,,,,,,,
395,0.22913049161434174,0.8943662047386169,,,,,,,
396,0.43409839272499084,0.8721804618835449,,,,,,,
397,0.405016154050827,0.8712121248245239,,,,,,,
398,0.2471742033958435,0.9191176295280457,,,,,,,
399,0.2433069348335266,0.9078013896942139,,,,,,,
400,0.3012622892856598,0.9007092118263245,,0.2223513921101888,0.9083333333333333,,,,
401,0.23690180480480194,0.9172932505607605,,,,,,,
402,0.2460266351699829,0.9130434989929199,,,,,,,
403,0.28273552656173706,0.921875,,,,,,,
404,0.3177168071269989,0.8870967626571655,,,,,,,
405,0.2697966992855072,0.8846153616905212,,,,,,,
406,0.351161390542984,0.9112903475761414,,,,,,,
407,0.2743397057056427,0.9130434989929199,,,,,,,
408,0.231120303273201,0.9296875,,,,,,,
409,0.2583255469799042,0.8970588445663452,,,,,,,
410,0.3032238185405731,0.8913043737411499,,,,,,,
411,0.3487941324710846,0.8819444179534912,,,,,,,
412,0.28707852959632874,0.8661971688270569,,,,,,,
413,0.21363316476345062,0.9230769276618958,,,,,,,
414,0.26461273431777954,0.8984375,,,,,,,
415,0.3468364477157593,0.8963414430618286,,,,,,,
416,0.35667362809181213,0.8724831938743591,,,,,,,
417,0.3072916269302368,0.9027777910232544,,,,,,,
418,0.2559446692466736,0.885496199131012,,,,,,,
419,0.28936174511909485,0.8888888955116272,,,,,,,
420,0.24480095505714417,0.9316239356994629,,,,,,,
421,0.15943297743797302,0.9477611780166626,,,,,,,
422,0.21943818032741547,0.9200000166893005,,,,,,,
423,0.2824297547340393,0.9166666865348816,,,,,,,
424,0.23003920912742615,0.915032684803009,,,,,,,
425,0.3562181293964386,0.8916666507720947,,,,,,,
426,0.23178014159202576,0.9069767594337463,,,,,,,
427,0.2980864346027374,0.90625,,,,,,,
428,0.2839239239692688,0.9108280539512634,,,,,,,
429,0.20615367591381073,0.9312977194786072,,,,,,,
430,0.27051615715026855,0.9069767594337463,,,,,,,
431,0.2409750372171402,0.9130434989929199,,,,,,,
432,0.2644754648208618,0.9279999732971191,,,,,,,
433,0.17274481058120728,0.9492753744125366,,,,,,,
434,0.30208614468574524,0.8962963223457336,,,,,,,
435,0.3600829839706421,0.8881118893623352,,,,,,,
436,0.31977277994155884,0.8787878751754761,,,,,,,
437,0.4502468705177307,0.8783783912658691,,,,,,,
438,0.18632271885871887,0.9586777091026306,,,,,,,
439,0.24330854415893555,0.913385808467865,,,,,,,
440,0.3313155174255371,0.9017857313156128,,,,,,,
441,0.323677122592926,0.8840579986572266,,,,,,,
442,0.3153969645500183,0.9140625,,,,,,,
443,0.6593692302703857,0.8834356069564819,,,,,,,
444,0.30889302492141724,0.9147287011146545,,,,,,,
445,0.3505150377750397,0.8971428275108337,,,,,,,
446,0.19504444301128387,0.9491525292396545,,,,,,,
447,0.20810192823410034,0.9191176295280457,,,,,,,
448,0.2867976129055023,0.8972602486610413,,,,,,,
449,0.41889235377311707,0.8897058963775635,,,,,,,
450,0.2387160211801529,0.9027777910232544,,,,,,,
451,0.30955731868743896,0.8872180581092834,,,,,,,
452,0.24668829143047333,0.9357143044471741,,,,,,,
453,0.518449068069458,0.8721804618835449,,,,,,,
454,0.2368203103542328,0.9029850959777832,,,,,,,
455,0.13659705221652985,0.9586777091026306,,,,,,,
456,0.1457860767841339,0.9576271176338196,,,,,,,
457,0.3211878836154938,0.9064748287200928,,,,,,,
458,0.16344401240348816,0.939393937587738,,,,,,,
459,0.37846389412879944,0.8794326186180115,,,,,,,
460,0.2805832028388977,0.9160839319229126,,,,,,,
461,0.40943852066993713,0.9147287011146545,,,,,,,
462,0.3144463300704956,0.8934426307678223,,,,,,,
463,0.20424489676952362,0.9370078444480896,,,,,,,
464,0.2905314266681671,0.8888888955116272,,,,,,,
465,0.49515625834465027,0.8802816867828369,,,,,,,
466,0.20485951006412506,0.9104477763175964,,,,,,,
467,0.3682706654071808,0.8730158805847168,,,,,,,
468,0.25630050897598267,0.9097222089767456,,,,,,,
469,0.3051272928714752,0.8978102207183838,,,,,,,
470,0.2185719907283783,0.9534883499145508,,,,,,,
471,0.42027515172958374,0.8896551728248596,,,,,,,
472,0.2571919858455658,0.9015151262283325,,,,,,,
473,0.31036901473999023,0.8896104097366333,,,,,,,
474,0.119199737906456,0.931034505367279,,,,,,,
475,0.30132222175598145,0.9185185432434082,,,,,,,
476,0.36108359694480896,0.8928571343421936,,,,,,,
477,0.2039693146944046,0.9398496150970459,,,,,,,
478,0.14346209168434143,0.9548872113227844,,,,,,,
479,0.24132317304611206,0.9370078444480896,,,,,,,
480,0.2686983346939087,0.9145299196243286,,,,,,,
481,0.2595105469226837,0.9280575513839722,,,,,,,
482,0.20887446403503418,0.9150943160057068,,,,,,,
483,0.3574691116809845,0.8675496578216553,,,,,,,
484,0.30127087235450745,0.8702290058135986,,,,,,,
485,0.24930408596992493,0.9166666865348816,,,,,,,
486,0.13801677525043488,0.9457364082336426,,,,,,,
487,0.3358555734157562,0.9008264541625977,,,,,,,
488,0.47983887791633606,0.9020978808403015,,,,,,,
489,0.23036791384220123,0.912162184715271,,,,,,,
490,0.3599749207496643,0.8646616339683533,,,,,,,
491,0.29278019070625305,0.9200000166893005,,,,,,,
492,0.3149592876434326,0.9111111164093018,,,,,,,
493,0.28332194685935974,0.9057971239089966,,,,,,,
494,0.3744376599788666,0.8835616707801819,,,,,,,
495,0.29264548420906067,0.8928571343421936,,,,,,,
496,0.43848294019699097,0.8888888955116272,,,,,,,
497,0.3071878254413605,0.8872180581092834,,,,,,,
498,0.4107067584991455,0.9090909361839294,,,,,,,
499,0.4509527087211609,0.9083333611488342,,,,,,,
500,0.37860536575317383,0.8888888955116272,,0.4331576207301,0.8741258741258742,,,,
501,0.21036463975906372,0.922535240650177,,,,,,,
502,0.47282299399375916,0.9152542352676392,,,,,,,
503,0.27661556005477905,0.9090909361839294,,,,,,,
504,0.23200106620788574,0.9090909361839294,,,,,,,
505,0.19994011521339417,0.9075630307197571,,,,,,,
506,0.2946256399154663,0.8640000224113464,,,,,,,
507,0.2428739368915558,0.8918918967247009,,,,,,,
508,0.302457720041275,0.8918918967247009,,,,,,,
509,0.3294644057750702,0.8662420511245728,,,,,,,
510,0.18962164223194122,0.9347826242446899,,,,,,,
511,0.29506951570510864,0.8857142925262451,,,,,,,
512,0.3042435050010681,0.8758620619773865,,,,,,,
513,0.23114465177059174,0.925000011920929,,,,,,,
514,0.4350087344646454,0.8972602486610413,,,,,,,
515,0.37218594551086426,0.9191176295280457,,,,,,,
516,0.16876903176307678,0.9369369149208069,,,,,,,
517,0.2845219373703003,0.9191176295280457,,,,,,,
518,0.2855106294155121,0.9147287011146545,,,,,,,
519,0.4065909683704376,0.868852436542511,,,,,,,
520,0.2887653112411499,0.9006622433662415,,,,,,,
521,0.47832420468330383,0.8965517282485962,,,,,,,
522,0.3055478632450104,0.9051094651222229,,,,,,,
523,0.2642901837825775,0.9115044474601746,,,,,,,
524,0.19977909326553345,0.9343065619468689,,,,,,,
525,0.3571451008319855,0.886956512928009,,,,,,,
526,0.41985148191452026,0.9009009003639221,,,,,,,
527,0.3015146553516388,0.8943089246749878,,,,,,,
528,0.15809744596481323,0.9407407641410828,,,,,,,
529,0.23444710671901703,0.9029850959777832,,,,,,,
530,0.2096201628446579,0.9354838728904724,,,,,,,
531,0.2472389191389084,0.9333333373069763,,,,,,,
532,0.5308306217193604,0.8529411554336548,,,,,,,
533,0.24181455373764038,0.9124087691307068,,,,,,,
534,0.1418994963169098,0.9453125,,,,,,,
535,0.5251981019973755,0.8852459192276001,,,,,,,
536,0.26053544878959656,0.908450722694397,,,,,,,
537,0.2631318271160126,0.9103448390960693,,,,,,,
538,0.19708271324634552,0.9322034120559692,,,,,,,
539,0.2758021652698517,0.89682537317276,,,,,,,
540,0.26495736837387085,0.9166666865348816,,,,,,,
541,0.29641544818878174,0.8897058963775635,,,,,,,
542,0.15362003445625305,0.9701492786407471,,,,,,,
543,0.2828981578350067,0.9120000004768372,,,,,,,
544,0.22340644896030426,0.9166666865348816,,,,,,,
545,0.22064130008220673,0.9274193644523621,,,,,,,
546,0.264892578125,0.9104477763175964,,,,,,,
547,0.3460131585597992,0.8787878751754761,,,,,,,
548,0.2564057409763336,0.921875,,,,,,,
549,0.19333039224147797,0.925000011920929,,,,,,,
550,0.23242628574371338,0.9039999842643738,,,,,,,
551,0.24690741300582886,0.9126983880996704,,,,,,,
552,0.29400724172592163,0.8768116235733032,,,,,,,
553,0.20798853039741516,0.9380530714988708,,,,,,,
554,0.2468576580286026,0.9104477763175964,,,,,,,
555,0.2804151177406311,0.902255654335022,,,,,,,
556,0.20481960475444794,0.9300699234008789,,,,,0.27618830238492037,0.9097365702479339,
557,0.2243889570236206,0.922535240650177,,,,,,,
558,0.4317423403263092,0.8962963223457336,,,,,,,
559,0.2911393344402313,0.9136690497398376,,,,,,,
560,0.25754889845848083,0.931506872177124,,,,,,,
561,0.19228710234165192,0.9322034120559692,,,,,,,
562,0.21197564899921417,0.9279999732971191,,,,,,,
563,0.26518067717552185,0.8999999761581421,,,,,,,
564,0.22447532415390015,0.9230769276618958,,,,,,,
565,0.2950221598148346,0.9115044474601746,,,,,,,
566,0.24344132840633392,0.9180327653884888,,,,,,,
567,0.2472883015871048,0.9067796468734741,,,,,,,
568,0.27813956141471863,0.8999999761581421,,,,,,,
569,0.289300799369812,0.8978102207183838,,,,,,,
570,0.06443633884191513,0.9917355179786682,,,,,,,
571,0.29489532113075256,0.9111111164093018,,,,,,,
572,0.21938832104206085,0.9322034120559692,,,,,,,
573,0.23728175461292267,0.9173553586006165,,,,,,,
574,0.22181469202041626,0.924369752407074,,,,,,,
575,0.32984820008277893,0.8970588445663452,,,,,,,
576,0.2629087269306183,0.913385808467865,,,,,,,
577,0.19716563820838928,0.924369752407074,,,,,,,
578,0.2334778904914856,0.9268292784690857,,,,,,,
579,0.2652851641178131,0.8999999761581421,,,,,,,
580,0.2588680386543274,0.9208633303642273,,,,,,,
581,0.2101813703775406,0.9230769276618958,,,,,,,
582,0.2148222029209137,0.9224806427955627,,,,,,,
583,0.17138612270355225,0.93388432264328,,,,,,,
584,0.33030834794044495,0.8859060406684875,,,,,,,
585,0.3103274405002594,0.8888888955116272,,,,,,,
586,0.17795683443546295,0.9430894255638123,,,,,,,
587,0.27293941378593445,0.89552241563797,,,,,,,
588,0.1571124941110611,0.9428571462631226,,,,,,,
589,0.25490257143974304,0.8920863270759583,,,,,,,
590,0.31655383110046387,0.8860759735107422,,,,,,,
591,0.2868027091026306,0.8832116723060608,,,,,,,
592,0.2386312633752823,0.9105691313743591,,,,,,,
593,0.24624714255332947,0.9139072895050049,,,,,,,
594,0.20242193341255188,0.9307692050933838,,,,,,,
595,0.1955648958683014,0.9420289993286133,,,,,,,
596,0.24345196783542633,0.8986486196517944,,,,,,,
597,0.2309180349111557,0.904411792755127,,,,,,,
598,0.2448635846376419,0.9259259104728699,,,,,,,
599,0.2636519968509674,0.9191176295280457,,,,,,,
600,0.37764421105384827,0.8863636255264282,,0.20436577324394709,0.9369369369369369,,,,
601,0.2154819220304489,0.9457364082336426,,,,,,,
602,0.34675097465515137,0.9104477763175964,,,,,,,
603,0.21192438900470734,0.942148745059967,,,,,,,
604,0.3336734175682068,0.8939393758773804,,,,,,,
605,0.2333158701658249,0.9342105388641357,,,,,,,
606,0.16361916065216064,0.9295774698257446,,,,,,,
607,0.2766265273094177,0.9097744226455688,,,,,,,
608,0.2028549313545227,0.9596773982048035,,,,,,,
609,0.2205439805984497,0.9236640930175781,,,,,,,
610,0.45292195677757263,0.8633093237876892,,,,,,,
611,0.16703632473945618,0.9411764740943909,,,,,,,
612,0.14299242198467255,0.9411764740943909,,,,,,,
613,0.28017616271972656,0.8872180581092834,,,,,,,
614,0.3968585431575775,0.8913043737411499,,,,,,,
615,0.27659693360328674,0.8819444179534912,,,,,,,
616,0.3098507821559906,0.9090909361839294,,,,,,,
617,0.27702343463897705,0.8740741014480591,,,,,,,
618,0.3098355531692505,0.8796992301940918,,,,,,,
619,0.3032812476158142,0.9130434989929199,,,,,,,
620,0.29290536046028137,0.902255654335022,,,,,,,
621,0.24821817874908447,0.9051094651222229,,,,,,,
622,0.23688669502735138,0.9066666960716248,,,,,,,
623,0.22480159997940063,0.9322034120559692,,,,,,,
624,0.23875749111175537,0.9179104566574097,,,,,,,
625,0.2475280463695526,0.8951048851013184,,,,,,,
626,0.3139842450618744,0.907975435256958,,,,,,,
627,0.17821866273880005,0.9024389982223511,,,,,,,
628,0.30802029371261597,0.8775510191917419,,,,,,,
629,0.38584381341934204,0.9200000166893005,,,,,,,
630,0.3984003961086273,0.8965517282485962,,,,,,,
631,0.2895895540714264,0.9259259104728699,,,,,,,
632,0.277322918176651,0.9154929518699646,,,,,,,
633,0.309711754322052,0.924369752407074,,,,,,,
634,0.23570787906646729,0.9024389982223511,,,,,,,
635,0.2208540439605713,0.9203540086746216,,,,,,,
636,0.16843272745609283,0.9375,,,,,,,
637,0.3021741509437561,0.9051094651222229,,,,,,,
638,0.3656650185585022,0.8978102207183838,,,,,,,
639,0.3074426054954529,0.8965517282485962,,,,,,,
640,0.23458123207092285,0.9147287011146545,,,,,,,
641,0.2618247866630554,0.9117646813392639,,,,,,,
642,0.49075084924697876,0.8620689511299133,,,,,,,
643,0.3519904911518097,0.8863636255264282,,,,,,,
644,0.24763011932373047,0.9322034120559692,,,,,,,
645,0.22557762265205383,0.9193548560142517,,,,,,,
646,0.23004427552223206,0.9160305261611938,,,,,,,
647,0.32235532999038696,0.9097744226455688,,,,,,,
648,0.31521371006965637,0.8666666746139526,,,,,,,
649,0.24938859045505524,0.9078013896942139,,,,,,,
650,0.2772420346736908,0.9057971239089966,,,,,,,
651,0.24303345382213593,0.913385808467865,,,,,,,
652,0.21476195752620697,0.904411792755127,,,,,,,
653,0.21783189475536346,0.9154929518699646,,,,,,,
654,0.04167767986655235,1,,,,,,,
655,0.27435120940208435,0.8866666555404663,,,,,,,
656,0.30666685104370117,0.8911564350128174,,,,,,,
657,0.390028178691864,0.8724831938743591,,,,,,,
658,0.262493371963501,0.9172932505607605,,,,,,,
659,0.19570830464363098,0.9448275566101074,,,,,,,
660,0.2814396321773529,0.8974359035491943,,,,,,,
661,0.18376433849334717,0.9290780425071716,,,,,,,
662,0.1801091879606247,0.9280575513839722,,,,,,,
663,0.30258604884147644,0.8965517282485962,,,,,,,
664,0.24887803196907043,0.9225806593894958,,,,,,,
665,0.2202424257993698,0.9333333373069763,,,,,,,
666,0.32267189025878906,0.8510638475418091,,,,,,,
667,0.258745402097702,0.908450722694397,,,,,,,
668,0.16352161765098572,0.9411764740943909,,,,,,,
669,0.22428812086582184,0.9385964870452881,,,,,,,
670,0.2700268626213074,0.9090909361839294,,,,,,,
671,0.24508720636367798,0.9274193644523621,,,,,,,
672,0.22726254165172577,0.9270073175430298,,,,,,,
673,0.2875831127166748,0.8840579986572266,,,,,,,
674,0.381329208612442,0.925000011920929,,,,,,,
675,0.19313913583755493,0.9496402740478516,,,,,,,
676,0.2661702632904053,0.9237288236618042,,,,,,,
677,0.20954710245132446,0.9241379499435425,,,,,,,
678,0.18853335082530975,0.9104477763175964,,,,,,,
679,0.3017045259475708,0.9241379499435425,,,,,,,
680,0.25573575496673584,0.921875,,,,,,,
681,0.22494271397590637,0.8992248177528381,,,,,,,
682,0.2418709099292755,0.9182389974594116,,,,,,,
683,0.22600887715816498,0.9115646481513977,,,,,,,
684,0.16646963357925415,0.9385964870452881,,,,,,,
685,0.23429365456104279,0.934959352016449,,,,,,,
686,0.21393528580665588,0.9236640930175781,,,,,,,
687,0.16934730112552643,0.9230769276618958,,,,,,,
688,0.2171338051557541,0.9357143044471741,,,,,,,
689,0.30259209871292114,0.9090909361839294,,,,,,,
690,0.27378183603286743,0.9333333373069763,,,,,,,
691,0.21914181113243103,0.9384615421295166,,,,,,,
692,0.2665669023990631,0.924369752407074,,,,,,,
693,0.3642779290676117,0.8914728760719299,,,,,,,
694,0.31505733728408813,0.8859060406684875,,,,,,,
695,0.23264242708683014,0.918367326259613,,,,,,,
696,0.3644799292087555,0.8865247964859009,,,,,,,
697,0.2475636601448059,0.9160839319229126,,,,,,,
698,0.25089341402053833,0.8965517282485962,,,,,,,
699,0.14837169647216797,0.9426229596138,,,,,,,
700,0.42594748735427856,0.8698630332946777,,0.2046926210252501,0.935251798561151,,,,
701,0.19793888926506042,0.9224806427955627,,,,,,,
702,0.24610520899295807,0.8992248177528381,,,,,,,
703,0.33425596356391907,0.9029850959777832,,,,,,,
704,0.1940760463476181,0.9344262480735779,,,,,,,
705,0.3364754915237427,0.9104477763175964,,,,,,,
706,0.22268301248550415,0.9236640930175781,,,,,,,
707,0.24770677089691162,0.9571428298950195,,,,,,,
708,0.2619616389274597,0.8905109763145447,,,,,,,
709,0.21597300469875336,0.9274193644523621,,,,,,,
710,0.34297555685043335,0.8985507488250732,,,,,,,
711,0.24406127631664276,0.9111111164093018,,,,,,,
712,0.2110486924648285,0.9191176295280457,,,,,,,
713,0.23232565820217133,0.8978102207183838,,,,,,,
714,0.39690330624580383,0.8939393758773804,,,,,,,
715,0.1572810262441635,0.942148745059967,,,,,,,
716,0.4168698787689209,0.8698630332946777,,,,,,,
717,0.2719227075576782,0.8984375,,,,,,,
718,0.2611396908760071,0.8888888955116272,,,,,,,
719,0.28304070234298706,0.9166666865348816,,,,,,,
720,0.1818661391735077,0.9417475461959839,,,,,,,
721,0.2266860157251358,0.9191176295280457,,,,,,,
722,0.4251595437526703,0.8897058963775635,,,,,,,
723,0.08409924060106277,0.9626168012619019,,,,,,,
724,0.366688996553421,0.914893627166748,,,,,,,
725,0.274718314409256,0.9047619104385376,,,,,,,
726,0.25544193387031555,0.912162184715271,,,,,,,
727,0.3020399212837219,0.8881579041481018,,,,,,,
728,0.24029099941253662,0.9259259104728699,,,,,,,
729,0.24381427466869354,0.9328358173370361,,,,,,,
730,0.28920236229896545,0.8796992301940918,,,,,,,
731,0.3560662865638733,0.887417197227478,,,,,,,
732,0.19138428568840027,0.9473684430122375,,,,,,,
733,0.23911496996879578,0.9096774458885193,,,,,,,
734,0.3350865840911865,0.9205297827720642,,,,,,,
735,0.4464357793331146,0.8709677457809448,,,,,,,
736,0.208515003323555,0.9172413945198059,,,,,,,
737,0.36182066798210144,0.8881118893623352,,,,,,,
738,0.17300067842006683,0.9448819160461426,,,,,,,
739,0.13902704417705536,0.949999988079071,,,,,,,
740,0.2667221128940582,0.9457364082336426,,,,,,,
741,0.17279867827892303,0.9344262480735779,,,,,,,
742,0.21536381542682648,0.8879310488700867,,,,,,,
743,0.14298094809055328,0.9593495726585388,,,,,,,
744,0.26475340127944946,0.8939393758773804,,,,,,,
745,0.35687023401260376,0.9008264541625977,,,,,,,
746,0.2728347182273865,0.9103448390960693,,,,,,,
747,0.28303292393684387,0.9020978808403015,,,,,,,
748,0.13828526437282562,0.9516128897666931,,,,,,,
749,0.26517561078071594,0.9174311757087708,,,,,,,
750,0.24712684750556946,0.9166666865348816,,,,,,,
751,0.1987987756729126,0.9453125,,,,,,,
752,0.3620452284812927,0.9241379499435425,,,,,,,
753,0.2834457457065582,0.9126983880996704,,,,,,,
754,0.21072342991828918,0.9354838728904724,,,,,,,
755,0.217871755361557,0.9262295365333557,,,,,,,
756,0.18955621123313904,0.9579831957817078,,,,,,,
757,0.18174467980861664,0.9126983880996704,,,,,,,
758,0.22600007057189941,0.9160305261611938,,,,,,,
759,0.24964407086372375,0.9262295365333557,,,,,,,
760,0.17106091976165771,0.9436619877815247,,,,,,,
761,0.2859358787536621,0.9369369149208069,,,,,,,
762,0.3147335648536682,0.8767123222351074,,,,,,,
763,0.23063701391220093,0.904411792755127,,,,,,,
764,0.29798877239227295,0.9140625,,,,,,,
765,0.47241678833961487,0.8947368264198303,,,,,,,
766,0.2443813532590866,0.8916666507720947,,,,,,,
767,0.21531780064105988,0.9178082346916199,,,,,,,
768,0.19194062054157257,0.9469696879386902,,,,,,,
769,0.4752630889415741,0.9105691313743591,,,,,,,
770,0.41640323400497437,0.8759124279022217,,,,,,,
771,0.26531535387039185,0.9032257795333862,,,,,,,
772,0.09133541584014893,0.9615384340286255,,,,,,,
773,0.25140759348869324,0.8916666507720947,,,,,,,
774,0.16956950724124908,0.9304347634315491,,,,,,,
775,0.23561230301856995,0.9214285612106323,,,,,,,
776,0.24194177985191345,0.9285714030265808,,,,,,,
777,0.2001534104347229,0.908450722694397,,,,,,,
778,0.2196955531835556,0.9017857313156128,,,,,,,
779,0.1885177344083786,0.9279999732971191,,,,,,,
780,0.2181219756603241,0.9275362491607666,,,,,,,
781,0.2667088210582733,0.8920863270759583,,,,,,,
782,0.1877572238445282,0.942148745059967,,,,,,,
783,0.082803875207901,0.961240291595459,,,,,,,
784,0.25391685962677,0.8905109763145447,,,,,,,
785,0.2557753026485443,0.8960000276565552,,,,,,,
786,0.34755221009254456,0.8785714507102966,,,,,,,
787,0.20063744485378265,0.9541284441947937,,,,,,,
788,0.24434445798397064,0.9275362491607666,,,,,,,
789,0.17688418924808502,0.9444444179534912,,,,,,,
790,0.20260898768901825,0.9224806427955627,,,,,,,
791,0.491255521774292,0.8684210777282715,,,,,,,
792,0.2240452915430069,0.924369752407074,,,,,,,
793,0.2815183401107788,0.9041095972061157,,,,,,,
794,0.22807249426841736,0.9202898740768433,,,,,,,
795,0.42729100584983826,0.8741258978843689,,,,,,,
796,0.2552548050880432,0.9108280539512634,,,,,,,
797,0.3136114776134491,0.8881118893623352,,,,,,,
798,0.2725890874862671,0.8920863270759583,,,,,,,
799,0.20614375174045563,0.9268292784690857,,,,,,,
800,0.2787100672721863,0.8999999761581421,,0.24790444007286658,0.9,,,,
801,0.2938932776451111,0.9071428775787354,,,,,,,
802,0.2824327051639557,0.8936170339584351,,,,,,,
803,0.40363404154777527,0.8775510191917419,,,,,,,
804,0.30535945296287537,0.8676470518112183,,,,,,,
805,0.22735747694969177,0.9200000166893005,,,,,,,
806,0.38142967224121094,0.9160305261611938,,,,,,,
807,0.14822086691856384,0.95652174949646,,,,,,,
808,0.07911715656518936,0.984000027179718,,,,,,,
809,0.2714589536190033,0.9120000004768372,,,,,,,
810,0.42497435212135315,0.8999999761581421,,,,,,,
811,0.2849203944206238,0.874015748500824,,,,,,,
812,0.2950364947319031,0.8999999761581421,,,,,,,
813,0.18839198350906372,0.9370078444480896,,,,,,,
814,0.19722980260849,0.9296875,,,,,,,
815,0.1620185822248459,0.9411764740943909,,,,,,,
816,0.2511824667453766,0.9037036895751953,,,,,,,
817,0.16877353191375732,0.9318181872367859,,,,,,,
818,0.18819232285022736,0.9420289993286133,,,,,,,
819,0.1409682333469391,0.9609375,,,,,,,
820,0.33444759249687195,0.895652174949646,,,,,,,
821,0.3687276244163513,0.8896551728248596,,,,,,,
822,0.37079930305480957,0.8724831938743591,,,,,,,
823,0.24889060854911804,0.9357143044471741,,,,,,,
824,0.24440760910511017,0.9145299196243286,,,,,,,
825,0.20316100120544434,0.9369369149208069,,,,,,,
826,0.4281022846698761,0.920634925365448,,,,,,,
827,0.2286866307258606,0.9203540086746216,,,,,,,
828,0.1767360121011734,0.9347826242446899,,,,,,,
829,0.4179994463920593,0.9136690497398376,,,,,,,
830,0.28001168370246887,0.89682537317276,,,,,,,
831,0.22767481207847595,0.9147287011146545,,,,,,,
832,0.2052462100982666,0.9375,,,,,,,
833,0.24776902794837952,0.9006622433662415,,,,,,,
834,0.2654624283313751,0.9191176295280457,,,,,,,
835,0.25127658247947693,0.9186992049217224,,,,,,,
836,0.31494736671447754,0.8970588445663452,,,,,,,
837,0.25016334652900696,0.9160305261611938,,,,,,,
838,0.2682444155216217,0.9111111164093018,,,,,,,
839,0.30200859904289246,0.8999999761581421,,,,,,,
840,0.23572750389575958,0.9130434989929199,,,,,,,
841,0.2348783314228058,0.908450722694397,,,,,,,
842,0.34298884868621826,0.8914728760719299,,,,,,,
843,0.3106010854244232,0.9166666865348816,,,,,,,
844,0.26959842443466187,0.9117646813392639,,,,,,,
845,0.2265848070383072,0.9318181872367859,,,,,,,
846,0.15892839431762695,0.9259259104728699,,,,,,,
847,0.2645000219345093,0.9268292784690857,,,,,,,
848,0.31074464321136475,0.8799999952316284,,,,,,,
849,0.14154469966888428,0.9411764740943909,,,,,,,
850,0.29265111684799194,0.89552241563797,,,,,,,
851,0.26433324813842773,0.9237288236618042,,,,,,,
852,0.36729854345321655,0.9105691313743591,,,,,,,
853,0.2661629021167755,0.9152542352676392,,,,,,,
854,0.245274618268013,0.888059675693512,,,,,,,
855,0.17960719764232635,0.9516128897666931,,,,,,,
856,0.310109943151474,0.8898305296897888,,,,,,,
857,0.2569085955619812,0.9230769276618958,,,,,,,
858,0.3057639002799988,0.8866666555404663,,,,,,,
859,0.3273664116859436,0.8965517282485962,,,,,,,
860,0.24346868693828583,0.9280575513839722,,,,,,,
861,0.5170043110847473,0.896774172782898,,,,,,,
862,0.2867741584777832,0.9140625,,,,,,,
863,0.14897240698337555,0.949999988079071,,,,,,,
864,0.27360695600509644,0.936170220375061,,,,,,,
865,0.19545085728168488,0.9185185432434082,,,,,,,
866,0.25918498635292053,0.8905109763145447,,,,,,,
867,0.28848135471343994,0.9097744226455688,,,,,,,
868,0.5563263893127441,0.8642857074737549,,,,,,,
869,0.240305095911026,0.9111111164093018,,,,,,,
870,0.299964964389801,0.8914728760719299,,,,,,,
871,0.4627707898616791,0.8960000276565552,,,,,,,
872,0.22799432277679443,0.9172413945198059,,,,,,,
873,0.18634313344955444,0.9406779408454895,,,,,,,
874,0.31968653202056885,0.9158878326416016,,,,,,,
875,0.08151568472385406,0.9639639854431152,,,,,,,
876,0.0623052679002285,0.9826086759567261,,,,,,,
877,0.3855733573436737,0.8812500238418579,,,,,,,
878,0.2940341830253601,0.8831169009208679,,,,,,,
879,0.2029481828212738,0.9274193644523621,,,,,,,
880,0.17845822870731354,0.9523809552192688,,,,,,,
881,0.24495051801204681,0.9133333563804626,,,,,,,
882,0.4603138864040375,0.8985507488250732,,,,,,,
883,0.3947337865829468,0.875,,,,,,,
884,0.2082858383655548,0.9307692050933838,,,,,,,
885,0.2761172950267792,0.9090909361839294,,,,,,,
886,0.2368239164352417,0.9259259104728699,,,,,,,
887,0.24351239204406738,0.9200000166893005,,,,,,,
888,0.27903982996940613,0.8903225660324097,,,,,,,
889,0.2916121482849121,0.8947368264198303,,,,,,,
890,0.36569926142692566,0.8905109763145447,,,,,,,
891,0.28405052423477173,0.8809523582458496,,,,,,,
892,0.20676583051681519,0.9370078444480896,,,,,,,
893,0.07320352643728256,0.9663865566253662,,,,,,,
894,0.23775658011436462,0.9172932505607605,,,,,,,
895,0.19307638704776764,0.9214285612106323,,,,,,,
896,0.2933562695980072,0.875,,,,,,,
897,0.23173387348651886,0.934959352016449,,,,,,,
898,0.23101507127285004,0.9032257795333862,,,,,,,
899,0.2162373960018158,0.9359999895095825,,,,,,,
900,0.2621816396713257,0.9016393423080444,,0.18684378195935347,0.9448818897637795,,,,
901,0.3038777709007263,0.9027777910232544,,,,,,,
902,0.23863454163074493,0.9200000166893005,,,,,,,
903,0.23895666003227234,0.9285714030265808,,,,,,,
904,0.3151439130306244,0.9411764740943909,,,,,,,
905,0.42735326290130615,0.8769230842590332,,,,,,,
906,0.11773621290922165,0.9354838728904724,,,,,,,
907,0.30198368430137634,0.8905109763145447,,,,,,,
908,0.3032391369342804,0.904411792755127,,,,,,,
909,0.3661031723022461,0.8828125,,,,,,,
910,0.34895533323287964,0.8648648858070374,,,,,,,
911,0.4004731774330139,0.89552241563797,,,,,,,
912,0.2600393295288086,0.8969696760177612,,,,,,,
913,0.24168451130390167,0.9112903475761414,,,,,,,
914,0.13607443869113922,0.9354838728904724,,,,,,,
915,0.22693145275115967,0.9318181872367859,,,,,,,
916,0.4104505479335785,0.8560606241226196,,,,,,,
917,0.19281072914600372,0.9343065619468689,,,,,,,
918,0.35589858889579773,0.8911564350128174,,,,,,,
919,0.18180538713932037,0.9312977194786072,,,,,,,
920,0.13353200256824493,0.9590163826942444,,,,,,,
921,0.20774994790554047,0.908450722694397,,,,,,,
922,0.29733505845069885,0.8888888955116272,,,,,,,
923,0.32488083839416504,0.8775510191917419,,,,,,,
924,0.32322266697883606,0.884353756904602,,,,,,,
925,0.21241414546966553,0.9389312863349915,,,,,,,
926,0.3146154284477234,0.8775510191917419,,,,,,,
927,0.3298186659812927,0.8999999761581421,,,,,,,
928,0.2597382664680481,0.8928571343421936,,,,,,,
929,0.27738621830940247,0.9078013896942139,,,,,,,
930,0.23200112581253052,0.922535240650177,,,,,,,
931,0.3104756474494934,0.9064748287200928,,,,,,,
932,0.17909467220306396,0.9253731369972229,,,,,,,
933,0.204415962100029,0.9237288236618042,,,,,,,
934,0.19395171105861664,0.9298245906829834,,,,,,,
935,0.1723605990409851,0.9275362491607666,,,,,,,
936,0.2824023962020874,0.8951612710952759,,,,,,,
937,0.28914037346839905,0.9230769276618958,,,,,,,
938,0.22009533643722534,0.9191176295280457,,,,,,,
939,0.279377281665802,0.8947368264198303,,,,,,,
940,0.16131404042243958,0.9440000057220459,,,,,,,
941,0.288440465927124,0.9076923131942749,,,,,,,
942,0.20269419252872467,0.9067796468734741,,,,,,,
943,0.28955140709877014,0.9032257795333862,,,,,,,
944,0.22796551883220673,0.9097744226455688,,,,,,,
945,0.4098209738731384,0.8965517282485962,,,,,,,
946,0.22734005749225616,0.9473684430122375,,,,,,,
947,0.18522818386554718,0.936170220375061,,,,,,,
948,0.34941571950912476,0.8846153616905212,,,,,,,
949,0.3028903305530548,0.90625,,,,,,,
950,0.09792163968086243,0.9646017551422119,,,,,,,
951,0.2841532230377197,0.9098360538482666,,,,,,,
952,0.3875103294849396,0.8707482814788818,,,,,,,
953,0.26832452416419983,0.9090909361839294,,,,,,,
954,0.2677486836910248,0.9295774698257446,,,,,,,
955,0.32647624611854553,0.888059675693512,,,,,,,
956,0.30442216992378235,0.9029850959777832,,,,,,,
957,0.13703688979148865,0.9416666626930237,,,,,,,
958,0.2541378438472748,0.9090909361839294,,,,,,,
959,0.2933131754398346,0.9242424368858337,,,,,,,
960,0.23818477988243103,0.9185185432434082,,,,,,,
961,0.2479945421218872,0.9185185432434082,,,,,,,
962,0.24076995253562927,0.8991596698760986,,,,,,,
963,0.22815027832984924,0.9253731369972229,,,,,,,
964,0.241536945104599,0.9034482836723328,,,,,,,
965,0.20265966653823853,0.9461538195610046,,,,,,,
966,0.09280694276094437,0.975806474685669,,,,,,,
967,0.16441279649734497,0.942148745059967,,,,,,,
968,0.20235587656497955,0.9338235259056091,,,,,,,
969,0.2343490868806839,0.9208633303642273,,,,,,,
970,0.2276029884815216,0.912162184715271,,,,,,,
971,0.3162146806716919,0.8985507488250732,,,,,,,
972,0.2687031030654907,0.9144737124443054,,,,,,,
973,0.09330707788467407,0.9837398529052734,,,,,,,
974,0.2933836579322815,0.8979591727256775,,,,,,,
975,0.2931646406650543,0.9083969593048096,,,,,,,
976,0.33752623200416565,0.9051094651222229,,,,,,,
977,0.1444978564977646,0.960629940032959,,,,,,,
978,0.25011059641838074,0.9333333373069763,,,,,,,
979,0.32132649421691895,0.9320388436317444,,,,,,,
980,0.2946816682815552,0.9153845906257629,,,,,,,
981,0.19479036331176758,0.9197080135345459,,,,,,,
982,0.17877428233623505,0.9347826242446899,,,,,,,
983,0.2686598598957062,0.9060402512550354,,,,,,,
984,0.22043097019195557,0.9230769276618958,,,,,,,
985,0.24007073044776917,0.9090909361839294,,,,,,,
986,0.3223586678504944,0.89552241563797,,,,,,,
987,0.20721590518951416,0.9153845906257629,,,,,,,
988,0.2623026371002197,0.8943089246749878,,,,,,,
989,0.24719972908496857,0.8976377844810486,,,,,,,
990,0.23406746983528137,0.931506872177124,,,,,,,
991,0.24654553830623627,0.9202898740768433,,,,,,,
992,0.2707151472568512,0.9347826242446899,,,,,,,
993,0.15173856914043427,0.9375,,,,,,,
994,0.30945685505867004,0.9130434989929199,,,,,,,
995,0.3517688512802124,0.9055117964744568,,,,,,,
996,0.3723467290401459,0.9090909361839294,,,,,,,
997,0.25768423080444336,0.9136690497398376,,,,,,,
998,0.20959781110286713,0.9153845906257629,,,,,,,
999,0.1929057240486145,0.9125000238418579,,,,,,,
1000,0.23468387126922607,0.9107142686843872,,0.37867499017096184,0.8571428571428571,,,,
1001,0.27827292680740356,0.8961039185523987,,,,,,,
1002,0.24482287466526031,0.9160305261611938,,,,,,,
1003,0.4443272352218628,0.914893627166748,,,,,,,
1004,0.25747692584991455,0.8939393758773804,,,,,,,
1005,0.15853199362754822,0.9485294222831726,,,,,,,
1006,0.27300024032592773,0.9120000004768372,,,,,,,
1007,0.2394900768995285,0.9295774698257446,,,,,,,
1008,0.27184513211250305,0.8837209343910217,,,,,,,
1009,0.3190658390522003,0.8943662047386169,,,,,,,
1010,0.2875751852989197,0.8907563090324402,,,,,,,
1011,0.2674015760421753,0.9256198406219482,,,,,,,
1012,0.1981453001499176,0.93388432264328,,,,,,,
1013,0.2254646271467209,0.9173553586006165,,,,,,,
1014,0.2926592230796814,0.8857142925262451,,,,,,,
1015,0.24089886248111725,0.9214285612106323,,,,,,,
1016,0.22234396636486053,0.9275362491607666,,,,,,,
1017,0.2652890086174011,0.902255654335022,,,,,,,
1018,0.19165749847888947,0.94017094373703,,,,,,,
1019,0.18317846953868866,0.9347826242446899,,,,,,,
1020,0.25260600447654724,0.9083969593048096,,,,,,,
1021,0.2195061445236206,0.9444444179534912,,,,,,,
1022,0.3295166790485382,0.8962264060974121,,,,,,,
1023,0.21495072543621063,0.942148745059967,,,,,,,
1024,0.3765772581100464,0.8904109597206116,,,,,,,
1025,0.2540265619754791,0.9292035102844238,,,,,,,
1026,0.30478614568710327,0.8859060406684875,,,,,,,
1027,0.3249514400959015,0.8833333253860474,,,,,,,
1028,0.24207261204719543,0.8888888955116272,,,,,,,
1029,0.4856778383255005,0.8833333253860474,,,,,,,
1030,0.37791967391967773,0.9139072895050049,,,,,,,
1031,0.229893758893013,0.9370078444480896,,,,,,,
1032,0.23847617208957672,0.9291338324546814,,,,,,,
1033,0.3685972988605499,0.8962963223457336,,,,,,,
1034,0.27515098452568054,0.8805969953536987,,,,,,,
1035,0.2810417413711548,0.9137930870056152,,,,,,,
1036,0.31178295612335205,0.8623188138008118,,,,,,,
1037,0.17266571521759033,0.9262295365333557,,,,,,,
1038,0.13270047307014465,0.9375,,,,,,,
1039,0.25163188576698303,0.9298245906829834,,,,,,,
1040,0.2039450854063034,0.9264705777168274,,,,,,,
1041,0.2631591558456421,0.89682537317276,,,,,,,
1042,0.2219385951757431,0.9202898740768433,,,,,,,
1043,0.25798314809799194,0.8925619721412659,,,,,,,
1044,0.19363802671432495,0.9420289993286133,,,,,,,
1045,0.2955729365348816,0.9076923131942749,,,,,,,
1046,0.3068554997444153,0.9202898740768433,,,,,,,
1047,0.20108209550380707,0.9304347634315491,,,,,,,
1048,0.21562853455543518,0.9090909361839294,,,,,,,
1049,0.3282608687877655,0.8789808750152588,,,,,,,
1050,0.26740843057632446,0.9241379499435425,,,,,,,
1051,0.14780539274215698,0.9586777091026306,,,,,,,
1052,0.310780793428421,0.934959352016449,,,,,,,
1053,0.23886136710643768,0.9130434989929199,,,,,,,
1054,0.10601089894771576,0.9583333134651184,,,,,,,
1055,0.31659001111984253,0.8943662047386169,,,,,,,
1056,0.43425559997558594,0.8730158805847168,,,,,,,
1057,0.2691862881183624,0.9029850959777832,,,,,,,
1058,0.2256644070148468,0.914893627166748,,,,,,,
1059,0.2124268263578415,0.9307692050933838,,,,,,,
1060,0.31465423107147217,0.9105691313743591,,,,,,,
1061,0.15728332102298737,0.9259259104728699,,,,,,,
1062,0.2775666415691376,0.9055117964744568,,,,,,,
1063,0.30545905232429504,0.9071428775787354,,,,,,,
1064,0.23855504393577576,0.9196428656578064,,,,,,,
1065,0.24268309772014618,0.884353756904602,,,,,,,
1066,0.2726774215698242,0.9347826242446899,,,,,,,
1067,0.2480682134628296,0.9130434989929199,,,,,,,
1068,0.43962061405181885,0.8613138794898987,,,,,,,
1069,0.18546365201473236,0.9328358173370361,,,,,,,
1070,0.26505419611930847,0.8918918967247009,,,,,,,
1071,0.2384066879749298,0.9420289993286133,,,,,,,
1072,0.3827744424343109,0.875,,,,,,,
1073,0.23276358842849731,0.9171974658966064,,,,,,,
1074,0.19992610812187195,0.9130434989929199,,,,,,,
1075,0.268860399723053,0.9153845906257629,,,,,,,
1076,0.3686503469944,0.9136690497398376,,,,,,,
1077,0.27647367119789124,0.8939393758773804,,,,,,,
1078,0.21982450783252716,0.9130434989929199,,,,,,,
1079,0.49108967185020447,0.8680555820465088,,,,,,,
1080,0.36450156569480896,0.8920863270759583,,,,,,,
1081,0.21732021868228912,0.9108280539512634,,,,,,,
1082,0.21795547008514404,0.9160305261611938,,,,,,,
1083,0.22863274812698364,0.9130434989929199,,,,,,,
1084,0.3325631320476532,0.8947368264198303,,,,,,,
1085,0.4110308587551117,0.8943662047386169,,,,,,,
1086,0.25280511379241943,0.904411792755127,,,,,,,
1087,0.3881143033504486,0.8776978254318237,,,,,,,
1088,0.28698650002479553,0.9047619104385376,,,,,,,
1089,0.2936960756778717,0.8943089246749878,,,,,,,
1090,0.18787012994289398,0.9193548560142517,,,,,,,
1091,0.09470771998167038,0.9621211886405945,,,,,,,
1092,0.23854820430278778,0.8943089246749878,,,,,,,
1093,0.2661232650279999,0.8833333253860474,,,,,,,
1094,0.1564754843711853,0.9411764740943909,,,,,,,
1095,0.2606077790260315,0.9105691313743591,,,,,,,
1096,0.2712385654449463,0.9124087691307068,,,,,,,
1097,0.33738431334495544,0.8976377844810486,,,,,,,
1098,0.2514497637748718,0.9051094651222229,,,,,,,
1099,0.28446221351623535,0.90625,,,,,,,
1100,0.41643276810646057,0.8939393758773804,,0.20711306521767064,0.924812030075188,,,,
1101,0.33915457129478455,0.9166666865348816,,,,,,,
1102,0.2045649141073227,0.9102563858032227,,,,,,,
1103,0.28520143032073975,0.8928571343421936,,,,,,,
1104,0.19302824139595032,0.9312977194786072,,,,,,,
1105,0.19413265585899353,0.9230769276618958,,,,,,,
1106,0.3896350562572479,0.9173553586006165,,,,,,,
1107,0.25640246272087097,0.9200000166893005,,,,,,,
1108,0.26720285415649414,0.8872180581092834,,,,,,,
1109,0.2317672073841095,0.9047619104385376,,,,,,,
1110,0.34873726963996887,0.8602941036224365,,,,,,,
1111,0.36048269271850586,0.90625,,,,,,,
1112,0.21446672081947327,0.9057971239089966,,,,,0.24973826418238237,0.9164514462809917,
1113,0.24953772127628326,0.9159663915634155,,,,,,,
1114,0.36016762256622314,0.9202898740768433,,,,,,,
1115,0.17436154186725616,0.9624060392379761,,,,,,,
1116,0.21902447938919067,0.9290780425071716,,,,,,,
1117,0.1383873075246811,0.9440000057220459,,,,,,,
1118,0.27411413192749023,0.9253731369972229,,,,,,,
1119,0.15813764929771423,0.9369369149208069,,,,,,,
1120,0.19247089326381683,0.9389312863349915,,,,,,,
1121,0.19346916675567627,0.9316239356994629,,,,,,,
1122,0.19376154243946075,0.9481481313705444,,,,,,,
1123,0.1754664033651352,0.935251772403717,,,,,,,
1124,0.22125570476055145,0.9056603908538818,,,,,,,
1125,0.37856078147888184,0.908450722694397,,,,,,,
1126,0.15955105423927307,0.9370078444480896,,,,,,,
1127,0.27442467212677,0.9191176295280457,,,,,,,
1128,0.2615355849266052,0.9076923131942749,,,,,,,
1129,0.21353395283222198,0.9214285612106323,,,,,,,
1130,0.38556554913520813,0.8770492076873779,,,,,,,
1131,0.15365593135356903,0.9347826242446899,,,,,,,
1132,0.16186939179897308,0.9327731132507324,,,,,,,
1133,0.34470731019973755,0.9015151262283325,,,,,,,
1134,0.27036693692207336,0.9186992049217224,,,,,,,
1135,0.25738659501075745,0.9172413945198059,,,,,,,
1136,0.1815284937620163,0.9402984976768494,,,,,,,
1137,0.224164217710495,0.9322034120559692,,,,,,,
1138,0.3679549992084503,0.8897637724876404,,,,,,,
1139,0.36434462666511536,0.8741722106933594,,,,,,,
1140,0.22530287504196167,0.9300699234008789,,,,,,,
1141,0.3072485029697418,0.9214285612106323,,,,,,,
1142,0.33946526050567627,0.9160839319229126,,,,,,,
1143,0.21682846546173096,0.9185185432434082,,,,,,,
1144,0.29367077350616455,0.9520000219345093,,,,,,,
1145,0.20422042906284332,0.9242424368858337,,,,,,,
1146,0.2007029503583908,0.9333333373069763,,,,,,,
1147,0.15038272738456726,0.9516128897666931,,,,,,,
1148,0.29743555188179016,0.9154929518699646,,,,,,,
1149,0.29514458775520325,0.9007092118263245,,,,,,,
1150,0.2279522567987442,0.9264705777168274,,,,,,,
1151,0.25615015625953674,0.9147287011146545,,,,,,,
1152,0.22085615992546082,0.9379844665527344,,,,,,,
1153,0.2724033296108246,0.8857142925262451,,,,,,,
1154,0.2953629195690155,0.8965517282485962,,,,,,,
1155,0.21958394348621368,0.9133333563804626,,,,,,,
1156,0.2322123944759369,0.9205297827720642,,,,,,,
1157,0.3067740499973297,0.8666666746139526,,,,,,,
1158,0.14756342768669128,0.9407407641410828,,,,,,,
1159,0.2325606346130371,0.9090909361839294,,,,,,,
1160,0.08274081349372864,0.9770992398262024,,,,,,,
1161,0.33817794919013977,0.9307692050933838,,,,,,,
1162,0.22221362590789795,0.9124087691307068,,,,,,,
1163,0.20956967771053314,0.9426229596138,,,,,,,
1164,0.3828366994857788,0.8807947039604187,,,,,,,
1165,0.2554660439491272,0.9032257795333862,,,,,,,
1166,0.2735553979873657,0.8951612710952759,,,,,,,
1167,0.24530944228172302,0.9105691313743591,,,,,,,
1168,0.20004625618457794,0.921875,,,,,,,
1169,0.210941344499588,0.9236640930175781,,,,,,,
1170,0.1560060679912567,0.9370078444480896,,,,,,,
1171,0.16071470081806183,0.9469696879386902,,,,,,,
1172,0.35269349813461304,0.9166666865348816,,,,,,,
1173,0.26837918162345886,0.9039999842643738,,,,,,,
1174,0.17784744501113892,0.9453125,,,,,,,
1175,0.1702529489994049,0.9457364082336426,,,,,,,
1176,0.23711951076984406,0.918367326259613,,,,,,,
1177,0.1528199315071106,0.9534883499145508,,,,,,,
1178,0.24459853768348694,0.926174521446228,,,,,,,
1179,0.1329578161239624,0.9485294222831726,,,,,,,
1180,0.3788990378379822,0.9076923131942749,,,,,,,
1181,0.31316113471984863,0.9015151262283325,,,,,,,
1182,0.2337617725133896,0.9037036895751953,,,,,,,
1183,0.21689684689044952,0.9370078444480896,,,,,,,
1184,0.14266449213027954,0.9379844665527344,,,,,,,
1185,0.20275220274925232,0.9316239356994629,,,,,,,
1186,0.33408352732658386,0.9242424368858337,,,,,,,
1187,0.32207298278808594,0.8873239159584045,,,,,,,
1188,0.2491784244775772,0.8863636255264282,,,,,,,
1189,0.275043785572052,0.9477611780166626,,,,,,,
1190,0.24924881756305695,0.9054054021835327,,,,,,,
1191,0.18489380180835724,0.9120000004768372,,,,,,,
1192,0.3028414249420166,0.9186992049217224,,,,,,,
1193,0.23026734590530396,0.9520000219345093,,,,,,,
1194,0.17287740111351013,0.94017094373703,,,,,,,
1195,0.23500801622867584,0.9124087691307068,,,,,,,
1196,0.1854916363954544,0.9312977194786072,,,,,,,
1197,0.3880440592765808,0.8896551728248596,,,,,,,
1198,0.1926388442516327,0.9379844665527344,,,,,,,
1199,0.1861540824174881,0.936170220375061,,,,,,,
1200,0.2668960988521576,0.925000011920929,,0.20759448865904426,0.9343065693430657,,,,
1201,0.19685031473636627,0.931034505367279,,,,,,,
1202,0.303879052400589,0.9057971239089966,,,,,,,
1203,0.2233373075723648,0.8943089246749878,,,,,,,
1204,0.180811807513237,0.9268292784690857,,,,,,,
1205,0.284667432308197,0.9051724076271057,,,,,,,
1206,0.3558015525341034,0.9318181872367859,,,,,,,
1207,0.252600759267807,0.89552241563797,,,,,,,
1208,0.22273248434066772,0.9379844665527344,,,,,,,
1209,0.2579345703125,0.9172413945198059,,,,,,,
1210,0.21703894436359406,0.9256198406219482,,,,,,,
1211,0.2216677963733673,0.9029850959777832,,,,,,,
1212,0.17102991044521332,0.9430894255638123,,,,,,,
1213,0.1741960197687149,0.9583333134651184,,,,,,,
1214,0.24251419305801392,0.9448819160461426,,,,,,,
1215,0.22124969959259033,0.9379310607910156,,,,,,,
1216,0.36260172724723816,0.8853503465652466,,,,,,,
1217,0.22985927760601044,0.9172932505607605,,,,,,,
1218,0.2144148349761963,0.9230769276618958,,,,,,,
1219,0.21806691586971283,0.9285714030265808,,,,,,,
1220,0.24910706281661987,0.9112903475761414,,,,,,,
1221,0.2623489797115326,0.9037036895751953,,,,,,,
1222,0.32644134759902954,0.9380530714988708,,,,,,,
1223,0.17880363762378693,0.9444444179534912,,,,,,,
1224,0.1908355951309204,0.9508196711540222,,,,,,,
1225,0.2764187157154083,0.9279999732971191,,,,,,,
1226,0.08556465804576874,0.9750000238418579,,,,,,,
1227,0.17905452847480774,0.9354838728904724,,,,,,,
1228,0.2605281174182892,0.8910256624221802,,,,,,,
1229,0.21772320568561554,0.9145299196243286,,,,,,,
1230,0.10875216126441956,0.9603174328804016,,,,,,,
1231,0.2760879397392273,0.8740741014480591,,,,,,,
1232,0.18692295253276825,0.930232584476471,,,,,,,
1233,0.3173530101776123,0.902255654335022,,,,,,,
1234,0.23511354625225067,0.9075630307197571,,,,,,,
1235,0.18897093832492828,0.9230769276618958,,,,,,,
1236,0.24051296710968018,0.8999999761581421,,,,,,,
1237,0.19277285039424896,0.9224806427955627,,,,,,,
1238,0.2700832486152649,0.888059675693512,,,,,,,
1239,0.26386746764183044,0.9230769276618958,,,,,,,
1240,0.2275293618440628,0.9104477763175964,,,,,,,
1241,0.2368178814649582,0.9256198406219482,,,,,,,
1242,0.09805414825677872,0.9685039520263672,,,,,,,
1243,0.22782756388187408,0.9104477763175964,,,,,,,
1244,0.2851172089576721,0.8881118893623352,,,,,,,
1245,0.33005133271217346,0.8848921060562134,,,,,,,
1246,0.18118618428707123,0.9312977194786072,,,,,,,
1247,0.2851337790489197,0.8978102207183838,,,,,,,
1248,0.20805799961090088,0.935251772403717,,,,,,,
1249,0.2130504548549652,0.8999999761581421,,,,,,,
1250,0.17511996626853943,0.9482758641242981,,,,,,,
1251,0.32541802525520325,0.9034482836723328,,,,,,,
1252,0.141666442155838,0.9596773982048035,,,,,,,
1253,0.3698815107345581,0.892307698726654,,,,,,,
1254,0.2699693441390991,0.9173553586006165,,,,,,,
1255,0.2764281928539276,0.8903225660324097,,,,,,,
1256,0.38599124550819397,0.9212598204612732,,,,,,,
1257,0.3230366110801697,0.9047619104385376,,,,,,,
1258,0.10992787033319473,0.9541284441947937,,,,,,,
1259,0.22705498337745667,0.9200000166893005,,,,,,,
1260,0.22466248273849487,0.9185185432434082,,,,,,,
1261,0.29234743118286133,0.8936170339584351,,,,,,,
1262,0.20056313276290894,0.9375,,,,,,,
1263,0.13628587126731873,0.9444444179534912,,,,,,,
1264,0.22827905416488647,0.9154929518699646,,,,,,,
1265,0.28115954995155334,0.8857142925262451,,,,,,,
1266,0.24296851456165314,0.9194630980491638,,,,,,,
1267,0.32377755641937256,0.8857142925262451,,,,,,,
1268,0.304820716381073,0.9090909361839294,,,,,,,
1269,0.23379428684711456,0.9285714030265808,,,,,,,
1270,0.23814356327056885,0.8987341523170471,,,,,,,
1271,0.17808419466018677,0.9186992049217224,,,,,,,
1272,0.26268866658210754,0.9185185432434082,,,,,,,
1273,0.2934061586856842,0.9202898740768433,,,,,,,
1274,0.1946256160736084,0.9253731369972229,,,,,,,
1275,0.1756170690059662,0.9379844665527344,,,,,,,
1276,0.19644595682621002,0.9291338324546814,,,,,,,
1277,0.2355039119720459,0.9069767594337463,,,,,,,
1278,0.21504665911197662,0.9432623982429504,,,,,,,
1279,0.41339102387428284,0.8983050584793091,,,,,,,
1280,0.30539774894714355,0.9153845906257629,,,,,,,
1281,0.27763012051582336,0.904347836971283,,,,,,,
1282,0.3116796314716339,0.8896551728248596,,,,,,,
1283,0.21503636240959167,0.9264705777168274,,,,,,,
1284,0.19797353446483612,0.9385964870452881,,,,,,,
1285,0.28530463576316833,0.8802816867828369,,,,,,,
1286,0.21693158149719238,0.9047619104385376,,,,,,,
1287,0.1709711253643036,0.9343065619468689,,,,,,,
1288,0.3454034924507141,0.8979591727256775,,,,,,,
1289,0.1520509123802185,0.9262295365333557,,,,,,,
1290,0.13981041312217712,0.9666666388511658,,,,,,,
1291,0.18153364956378937,0.9553571343421936,,,,,,,
1292,0.24404767155647278,0.9338235259056091,,,,,,,
1293,0.3477814197540283,0.9153845906257629,,,,,,,
1294,0.272675484418869,0.9191176295280457,,,,,,,
1295,0.2316085696220398,0.9172932505607605,,,,,,,
1296,0.1584862619638443,0.9406779408454895,,,,,,,
1297,0.3070947825908661,0.89552241563797,,,,,,,
1298,0.25444862246513367,0.9230769276618958,,,,,,,
1299,0.2228519767522812,0.9024389982223511,,,,,,,
1300,0.2550470232963562,0.9064748287200928,,0.2482624500989914,0.8984375,,,,
1301,0.25961577892303467,0.920634925365448,,,,,,,
1302,0.23486633598804474,0.9296875,,,,,,,
1303,0.2688812017440796,0.9097222089767456,,,,,,,
1304,0.25808221101760864,0.902255654335022,,,,,,,
1305,0.2556263506412506,0.9104477763175964,,,,,,,
1306,0.40877118706703186,0.9029850959777832,,,,,,,
1307,0.21862724423408508,0.9055117964744568,,,,,,,
1308,0.2160884439945221,0.9083969593048096,,,,,,,
1309,0.3321867287158966,0.9016393423080444,,,,,,,
1310,0.31547829508781433,0.8961039185523987,,,,,,,
1311,0.0999671220779419,0.9658119678497314,,,,,,,
1312,0.19553972780704498,0.9246575236320496,,,,,,,
1313,0.3609168827533722,0.8870967626571655,,,,,,,
1314,0.21943776309490204,0.9237288236618042,,,,,,,
1315,0.24298211932182312,0.8939393758773804,,,,,,,
1316,0.3024570643901825,0.9322034120559692,,,,,,,
1317,0.18241378664970398,0.9469696879386902,,,,,,,
1318,0.20329351723194122,0.9469696879386902,,,,,,,
1319,0.2630934715270996,0.9186992049217224,,,,,,,
1320,0.2036893367767334,0.9270073175430298,,,,,,,
1321,0.2938661575317383,0.9236640930175781,,,,,,,
1322,0.18290776014328003,0.9274193644523621,,,,,,,
1323,0.24944671988487244,0.9200000166893005,,,,,,,
1324,0.28456661105155945,0.9097744226455688,,,,,,,
1325,0.24423690140247345,0.9039999842643738,,,,,,,
1326,0.26899459958076477,0.9037036895751953,,,,,,,
1327,0.3646581172943115,0.8835616707801819,,,,,,,
1328,0.21662390232086182,0.9379844665527344,,,,,,,
1329,0.21113324165344238,0.9111111164093018,,,,,,,
1330,0.22176609933376312,0.9090909361839294,,,,,,,
1331,0.2736952006816864,0.8928571343421936,,,,,,,
1332,0.30298447608947754,0.8985507488250732,,,,,,,
1333,0.2243788242340088,0.9186992049217224,,,,,,,
1334,0.23611760139465332,0.9090909361839294,,,,,,,
1335,0.2733173370361328,0.9015151262283325,,,,,,,
1336,0.3376329839229584,0.8881118893623352,,,,,,,
1337,0.23788852989673615,0.8978102207183838,,,,,,,
1338,0.1979786455631256,0.924369752407074,,,,,,,
1339,0.20289729535579681,0.9224137663841248,,,,,,,
1340,0.25857871770858765,0.9316239356994629,,,,,,,
1341,0.23347248136997223,0.9041095972061157,,,,,,,
1342,0.26467365026474,0.8931297659873962,,,,,,,
1343,0.25537222623825073,0.9268292784690857,,,,,,,
1344,0.18410678207874298,0.9432623982429504,,,,,,,
1345,0.20718760788440704,0.932330846786499,,,,,,,
1346,0.3332462012767792,0.8888888955116272,,,,,,,
1347,0.2747315764427185,0.8865247964859009,,,,,,,
1348,0.17619043588638306,0.9236111044883728,,,,,,,
1349,0.15636207163333893,0.9426229596138,,,,,,,
1350,0.24068088829517365,0.9097744226455688,,,,,,,
1351,0.21294645965099335,0.9411764740943909,,,,,,,
1352,0.1799544245004654,0.939130425453186,,,,,,,
1353,0.2820911109447479,0.8778625726699829,,,,,,,
1354,0.26199501752853394,0.9212598204612732,,,,,,,
1355,0.2325243204832077,0.9347826242446899,,,,,,,
1356,0.23292161524295807,0.9112903475761414,,,,,,,
1357,0.23188669979572296,0.9285714030265808,,,,,,,
1358,0.10983391106128693,0.9618320465087891,,,,,,,
1359,0.3175066411495209,0.875,,,,,,,
1360,0.45748329162597656,0.8787878751754761,,,,,,,
1361,0.24355259537696838,0.9090909361839294,,,,,,,
1362,0.2602832317352295,0.908450722694397,,,,,,,
1363,0.3499654233455658,0.8839285969734192,,,,,,,
1364,0.29758498072624207,0.8818897604942322,,,,,,,
1365,0.2808060050010681,0.888059675693512,,,,,,,
1366,0.18428465723991394,0.9440559148788452,,,,,,,
1367,0.21054360270500183,0.9354838728904724,,,,,,,
1368,0.15233053267002106,0.9646017551422119,,,,,,,
1369,0.18636341392993927,0.9354838728904724,,,,,,,
1370,0.2370375096797943,0.9236640930175781,,,,,,,
1371,0.28874796628952026,0.9078013896942139,,,,,,,
1372,0.41414347290992737,0.9197080135345459,,,,,,,
1373,0.1760731190443039,0.95652174949646,,,,,,,
1374,0.31266093254089355,0.8905109763145447,,,,,,,
1375,0.3437010943889618,0.8978102207183838,,,,,,,
1376,0.17635025084018707,0.9523809552192688,,,,,,,
1377,0.1117255836725235,0.9428571462631226,,,,,,,
1378,0.18833321332931519,0.9489051103591919,,,,,,,
1379,0.1274147927761078,0.9596773982048035,,,,,,,
1380,0.42427271604537964,0.8601398468017578,,,,,,,
1381,0.19892923533916473,0.9328358173370361,,,,,,,
1382,0.2682178020477295,0.9185185432434082,,,,,,,
1383,0.25939124822616577,0.9173553586006165,,,,,,,
1384,0.32323914766311646,0.9039999842643738,,,,,,,
1385,0.10338733345270157,0.95652174949646,,,,,,,
1386,0.14208830893039703,0.9520000219345093,,,,,,,
1387,0.26510000228881836,0.9098360538482666,,,,,,,
